id,first_name,last_name,email,gender,ip_address
1,Marabel,Lapides,mlapides0@ca.gov,Female,53.211.6.235
2,Todd,Reddin,treddin1@twitter.com,Male,246.220.51.134
3,Shanan,Brownlow,sbrownlow2@mapy.cz,Male,190.254.155.81
4,Jayme,Collymore,jcollymore3@sourceforge.net,Male,106.16.191.241
5,Betteanne,MacDaid,bmacdaid4@ocn.ne.jp,Female,248.171.197.157
6,Riva,Tallet,rtallet5@qq.com,Female,170.105.124.8
7,Kalinda,Rudgley,krudgley6@google.com.br,Female,27.13.97.83
8,Millie,Selwyn,mselwyn7@slideshare.net,Female,186.80.18.1
9,Chrissie,Greenlies,cgreenlies8@360.cn,Male,99.123.74.97
10,Stuart,Gowanlock,sgowanlock9@chron.com,Male,235.224.38.86
11,Lia,Guynemer,lguynemera@whitehouse.gov,Female,41.179.227.133
12,Earlie,Holwell,eholwellb@tuttocitta.it,Male,42.74.119.126
13,Drucie,Dummer,ddummerc@state.tx.us,Female,134.201.230.55
14,Rufus,MacKenzie,rmackenzied@answers.com,Male,15.211.226.252
15,Kylynn,Ralling,krallinge@smugmug.com,Female,49.178.77.104
16,Axe,Berntsson,aberntssonf@kickstarter.com,Male,57.28.250.215
17,Early,Cawston,ecawstong@nih.gov,Male,131.243.138.98
18,Raven,Dove,rdoveh@1und1.de,Female,231.219.48.2
19,Dyna,Heffy,dheffyi@canalblog.com,Female,130.16.32.186
20,Tammy,Muzzini,tmuzzinij@mtv.com,Male,107.193.124.168
21,Ardisj,McGooch,amcgoochk@feedburner.com,Female,207.1.230.107
22,Daniela,Gait,dgaitl@a8.net,Female,88.6.39.225
23,Leonid,Corten,lcortenm@hugedomains.com,Male,239.85.235.35
24,Vally,Steanson,vsteansonn@netscape.com,Female,147.167.178.135
25,Susanetta,Gilfillan,sgilfillano@weebly.com,Female,183.214.5.249
26,Susette,Yukhnev,syukhnevp@blogtalkradio.com,Female,186.45.87.86
27,Katerine,Fiddler,kfiddlerq@businessweek.com,Female,234.58.247.48
28,Glori,Coker,gcokerr@1und1.de,Female,162.5.122.32
29,Matty,Durand,mdurands@globo.com,Male,208.4.117.215
30,Elga,Pancoust,epancoustt@chronoengine.com,Female,186.193.186.24
31,Boyce,Blackwell,bblackwellu@shop-pro.jp,Male,61.166.42.172
32,Tedie,Klezmski,tklezmskiv@imageshack.us,Male,238.83.150.120
33,Simmonds,Willett,swillettw@prweb.com,Male,31.189.79.110
34,Marti,Walworth,mwalworthx@vinaora.com,Female,250.193.169.173
35,Katha,Samwell,ksamwelly@shareasale.com,Female,59.140.134.150
36,Uta,Camps,ucampsz@quantcast.com,Female,48.96.182.246
37,Tonnie,McComb,tmccomb10@uol.com.br,Male,239.78.168.64
38,Tamarah,Allnatt,tallnatt11@topsy.com,Female,26.75.65.105
39,Alejoa,Carson,acarson12@linkedin.com,Male,78.72.160.217
40,Bartlett,Forsyde,bforsyde13@so-net.ne.jp,Male,202.146.52.225
41,Elmer,Vallens,evallens14@parallels.com,Male,46.165.45.22
42,Orson,Bargery,obargery15@deliciousdays.com,Male,145.79.47.200
43,Bernita,Burchard,bburchard16@comcast.net,Female,215.75.30.158
44,Yancey,Caudwell,ycaudwell17@walmart.com,Male,69.78.232.41
45,Ogdon,Durrett,odurrett18@printfriendly.com,Male,114.117.113.246
46,Karl,Gaukrodge,kgaukrodge19@infoseek.co.jp,Male,165.0.133.227
47,Erhart,Behrendsen,ebehrendsen1a@apache.org,Male,55.47.91.72
48,Emmett,Grattage,egrattage1b@list-manage.com,Male,91.102.216.252
49,Nicol,Laidler,nlaidler1c@tumblr.com,Male,180.60.21.230
50,Ingeborg,Neeves,ineeves1d@cam.ac.uk,Female,175.141.35.144
51,Luella,Rosbrough,lrosbrough1e@spiegel.de,Female,18.56.19.1
52,Gherardo,Elbourn,gelbourn1f@wp.com,Male,231.64.239.202
53,Ellene,Scrogges,escrogges1g@goo.ne.jp,Female,114.239.151.204
54,Pepi,Parlott,pparlott1h@prlog.org,Female,165.67.248.34
55,Egan,Sonley,esonley1i@google.de,Male,193.247.202.56
56,Sherilyn,Midlar,smidlar1j@wix.com,Female,239.235.248.245
57,Harriet,Leyrroyd,hleyrroyd1k@multiply.com,Female,170.106.161.51
58,Tanny,Kubicek,tkubicek1l@canalblog.com,Male,104.177.208.115
59,Chadd,Filipputti,cfilipputti1m@discuz.net,Male,204.178.18.208
60,Lorraine,Lucey,llucey1n@indiatimes.com,Female,104.217.123.203
61,Danny,Cardno,dcardno1o@ucsd.edu,Female,222.50.102.38
62,Cally,Rebillard,crebillard1p@mapy.cz,Female,20.23.214.128
63,Abdel,Gisburn,agisburn1q@gov.uk,Male,159.18.70.34
64,Abby,Cyson,acyson1r@guardian.co.uk,Female,224.13.189.98
65,Enrichetta,Merriott,emerriott1s@samsung.com,Female,250.246.172.8
66,Nellie,Hadlow,nhadlow1t@patch.com,Female,54.173.188.80
67,Myles,Tilling,mtilling1u@mlb.com,Male,89.196.151.235
68,Leon,Rowlin,lrowlin1v@aol.com,Male,102.98.100.17
69,Joleen,Taylorson,jtaylorson1w@stumbleupon.com,Female,148.67.148.148
70,Demeter,Blumer,dblumer1x@epa.gov,Female,97.166.209.39
71,Emelen,Gallaher,egallaher1y@typepad.com,Male,37.232.55.66
72,Jannelle,Aaronsohn,jaaronsohn1z@hatena.ne.jp,Female,136.238.242.110
73,Tatiania,Neilan,tneilan20@google.it,Female,66.220.67.143
74,Tabb,Felten,tfelten21@boston.com,Male,120.227.240.184
75,Jillane,Carryer,jcarryer22@ocn.ne.jp,Female,79.202.227.88
76,Nicol,Coysh,ncoysh23@adobe.com,Male,127.161.62.201
77,Eadie,Andrick,eandrick24@merriam-webster.com,Female,18.107.244.36
78,Alisha,Hasser,ahasser25@jalbum.net,Female,238.172.176.1
79,Camel,Kulis,ckulis26@soundcloud.com,Female,14.246.143.123
80,Mikel,Palluschek,mpalluschek27@globo.com,Male,233.44.106.213
81,Dieter,Dearnaley,ddearnaley28@taobao.com,Male,183.91.42.24
82,Aileen,Corre,acorre29@wp.com,Female,98.63.237.229
83,Louis,Clowton,lclowton2a@google.com.au,Male,221.25.196.54
84,Oralia,Blackwood,oblackwood2b@amazonaws.com,Female,235.120.10.80
85,Candie,Roma,croma2c@admin.ch,Female,167.30.75.213
86,Aila,Mc Carrick,amccarrick2d@cisco.com,Female,114.72.35.211
87,Darryl,Thurgood,dthurgood2e@angelfire.com,Male,96.90.83.95
88,Nana,McPhaden,nmcphaden2f@hhs.gov,Female,201.102.51.173
89,Guntar,Padwick,gpadwick2g@oakley.com,Male,136.243.59.110
90,Janka,Sollime,jsollime2h@craigslist.org,Female,50.67.251.231
91,Axe,Izakoff,aizakoff2i@wsj.com,Male,161.251.246.155
92,Datha,Demeza,ddemeza2j@apple.com,Female,154.36.213.140
93,Aeriell,Weond,aweond2k@sphinn.com,Female,230.245.108.106
94,Tamar,Garham,tgarham2l@omniture.com,Female,93.252.198.114
95,Abba,Pickavance,apickavance2m@ifeng.com,Male,31.245.172.124
96,Erma,Odegaard,eodegaard2n@amazonaws.com,Female,31.172.247.70
97,Tricia,Branston,tbranston2o@columbia.edu,Female,114.195.43.242
98,Elsa,Bartolomeoni,ebartolomeoni2p@nydailynews.com,Female,143.212.183.186
99,Dal,Scranedge,dscranedge2q@desdev.cn,Male,49.194.42.239
100,Lara,Danielou,ldanielou2r@tumblr.com,Female,90.56.46.36
101,Ricoriki,Prior,rprior2s@unesco.org,Male,91.25.243.9
102,Reider,Sprowle,rsprowle2t@technorati.com,Male,36.81.163.64
103,Rosene,Gluyas,rgluyas2u@zdnet.com,Female,94.172.90.74
104,Pavel,Felgate,pfelgate2v@about.me,Male,143.93.71.228
105,Serena,Essam,sessam2w@sina.com.cn,Female,123.17.15.251
106,Andreana,Thams,athams2x@techcrunch.com,Female,94.108.170.29
107,Ainsley,Coslitt,acoslitt2y@canalblog.com,Female,241.135.102.53
108,Maryjane,Merryfield,mmerryfield2z@prweb.com,Female,199.26.240.198
109,Catriona,Schiementz,cschiementz30@arizona.edu,Female,97.124.28.206
110,Vanya,Standbrooke,vstandbrooke31@weather.com,Female,35.189.25.213
111,Adlai,Pilsworth,apilsworth32@t-online.de,Male,83.68.25.60
112,Whitney,Isaacs,wisaacs33@t.co,Male,200.178.145.81
113,Stevie,Castagne,scastagne34@goo.gl,Male,186.146.138.133
114,Bobbette,Cossem,bcossem35@woothemes.com,Female,75.244.181.213
115,Sianna,Kitteringham,skitteringham36@springer.com,Female,165.169.102.77
116,Clint,Pagitt,cpagitt37@weebly.com,Male,41.122.222.159
117,Reinold,Gott,rgott38@fema.gov,Male,203.64.209.131
118,Diena,Issatt,dissatt39@ifeng.com,Female,243.156.152.20
119,Mychal,Malt,mmalt3a@nasa.gov,Male,246.110.2.27
120,Natalya,Curston,ncurston3b@walmart.com,Female,155.182.211.178
121,Aila,Bushaway,abushaway3c@meetup.com,Female,34.137.156.144
122,Chiquia,Duffie,cduffie3d@bluehost.com,Female,162.145.219.124
123,Freeland,Simak,fsimak3e@privacy.gov.au,Male,129.219.110.215
124,Glad,Hearthfield,ghearthfield3f@live.com,Female,126.154.100.38
125,Shem,Dun,sdun3g@telegraph.co.uk,Male,61.242.54.94
126,Mikey,Whitwam,mwhitwam3h@businesswire.com,Male,181.6.118.64
127,Koralle,St. Quintin,kstquintin3i@twitpic.com,Female,25.143.15.55
128,Saul,Lemasney,slemasney3j@msn.com,Male,129.46.199.8
129,Marcella,Grinyov,mgrinyov3k@ucla.edu,Female,141.188.190.179
130,Celle,Baldacco,cbaldacco3l@ask.com,Female,230.233.128.170
131,Wenona,Gaitley,wgaitley3m@wikipedia.org,Female,254.220.14.169
132,Fowler,Webborn,fwebborn3n@arizona.edu,Male,119.206.120.213
133,Krishnah,Ivanyukov,kivanyukov3o@china.com.cn,Male,58.75.165.115
134,Sean,Burel,sburel3p@cbc.ca,Male,149.112.223.85
135,Lizzie,Le Barr,llebarr3q@e-recht24.de,Female,168.96.252.161
136,Salim,Scurrey,sscurrey3r@linkedin.com,Male,173.0.155.105
137,Ewell,Gully,egully3s@amazon.com,Male,107.205.147.197
138,Dennet,Rubery,drubery3t@eepurl.com,Male,254.248.240.176
139,Merci,Knewstub,mknewstub3u@mtv.com,Female,78.78.94.121
140,See,Reide,sreide3v@nih.gov,Male,150.141.109.252
141,Claudelle,Ruller,cruller3w@freewebs.com,Female,63.239.88.161
142,Garrard,Nano,gnano3x@webnode.com,Male,47.134.230.184
143,Inge,Mainstone,imainstone3y@moonfruit.com,Female,138.111.252.12
144,Merrel,Barnet,mbarnet3z@state.gov,Male,24.82.66.140
145,Caria,Boulsher,cboulsher40@comcast.net,Female,119.190.43.163
146,Pauly,Clutton,pclutton41@cnn.com,Female,147.225.146.88
147,Oran,Bearcock,obearcock42@wikia.com,Male,247.24.203.211
148,Violante,Heineking,vheineking43@vistaprint.com,Female,95.164.115.217
149,Imelda,Gabbotts,igabbotts44@instagram.com,Female,86.46.73.69
150,Anatol,Livermore,alivermore45@w3.org,Male,43.111.99.17
151,Sheree,Bogace,sbogace46@statcounter.com,Female,72.253.123.197
152,Ozzie,Longstaff,olongstaff47@accuweather.com,Male,221.76.199.198
153,Reube,Mair,rmair48@weather.com,Male,230.25.10.192
154,Janis,Paramor,jparamor49@dell.com,Female,234.60.189.252
155,Evie,Marishenko,emarishenko4a@gizmodo.com,Female,108.177.128.211
156,Tucky,Casella,tcasella4b@issuu.com,Male,6.238.166.243
157,Morgan,Gallardo,mgallardo4c@nydailynews.com,Male,236.250.46.158
158,Lin,Baff,lbaff4d@latimes.com,Female,84.1.100.5
159,Fulvia,Geraldez,fgeraldez4e@mac.com,Female,134.8.48.246
160,Anna-diane,Gritland,agritland4f@cisco.com,Female,244.171.56.241
161,Laryssa,Izard,lizard4g@sohu.com,Female,42.218.27.82
162,Zack,Toffolo,ztoffolo4h@howstuffworks.com,Male,35.40.222.223
163,Lindsay,Rakestraw,lrakestraw4i@trellian.com,Female,92.58.207.207
164,Hinze,Bamfield,hbamfield4j@seattletimes.com,Male,141.164.197.194
165,Yorker,Caneo,ycaneo4k@godaddy.com,Male,72.255.175.48
166,Harwilll,Dreher,hdreher4l@barnesandnoble.com,Male,4.42.161.250
167,Ileane,Matashkin,imatashkin4m@latimes.com,Female,176.57.130.193
168,Ichabod,Bonnavant,ibonnavant4n@kickstarter.com,Male,153.176.113.212
169,Jo-ann,Harly,jharly4o@who.int,Female,183.35.255.192
170,Lucius,Schulz,lschulz4p@si.edu,Male,121.17.45.203
171,Seana,Chipman,schipman4q@com.com,Female,119.104.242.193
172,Muffin,Younghusband,myounghusband4r@1688.com,Male,28.4.91.172
173,Elladine,Sharply,esharply4s@ted.com,Female,71.71.137.167
174,Darrel,Langeley,dlangeley4t@wordpress.org,Male,147.86.135.127
175,Faustina,Fouracres,ffouracres4u@reuters.com,Female,201.222.242.197
176,Fancie,O' Byrne,fobyrne4v@elpais.com,Female,212.197.115.122
177,Dalton,Bestar,dbestar4w@marketwatch.com,Male,223.47.207.254
178,Desiri,Philippsohn,dphilippsohn4x@ucsd.edu,Female,126.53.53.67
179,Byrle,Beatty,bbeatty4y@shutterfly.com,Male,46.140.180.236
180,Ailsun,Waskett,awaskett4z@prweb.com,Female,32.164.140.158
181,Sawyere,Leeuwerink,sleeuwerink50@dyndns.org,Male,58.17.240.58
182,Kira,Dagwell,kdagwell51@ning.com,Female,162.53.101.168
183,Addy,Marlon,amarlon52@prweb.com,Male,95.232.70.11
184,Giovanna,Yerbury,gyerbury53@mozilla.com,Female,117.119.56.110
185,Cheri,Cabera,ccabera54@rakuten.co.jp,Female,43.232.114.60
186,Ruby,Sheldrake,rsheldrake55@ehow.com,Male,156.17.167.205
187,Georas,Gabby,ggabby56@ameblo.jp,Male,209.84.192.251
188,Avie,Boldero,aboldero57@usnews.com,Female,243.239.95.13
189,Rolland,Sandland,rsandland58@ezinearticles.com,Male,91.140.3.203
190,Vyky,Gabbatt,vgabbatt59@businesswire.com,Female,40.105.89.162
191,Shamus,Penkethman,spenkethman5a@pinterest.com,Male,136.163.114.154
192,Stephannie,Herche,sherche5b@last.fm,Female,99.126.91.104
193,Katrinka,Bissatt,kbissatt5c@wisc.edu,Female,167.183.116.144
194,Terrie,Hinkley,thinkley5d@t-online.de,Female,20.234.210.209
195,Catie,Prettejohns,cprettejohns5e@unc.edu,Female,126.143.193.67
196,Lorianne,Armall,larmall5f@smugmug.com,Female,116.254.224.140
197,Cazzie,Astell,castell5g@ted.com,Male,69.30.49.249
198,Cathryn,Skynner,cskynner5h@instagram.com,Female,194.175.168.150
199,Blondie,Poyle,bpoyle5i@seattletimes.com,Female,175.139.33.55
200,Norbie,Boldecke,nboldecke5j@vk.com,Male,50.7.181.61
201,Justine,Deneve,jdeneve5k@t-online.de,Female,47.46.79.77
202,Tamarra,Penson,tpenson5l@google.de,Female,20.97.204.4
203,Frasier,Barfitt,fbarfitt5m@squarespace.com,Male,167.38.96.78
204,Jessee,Saw,jsaw5n@bbb.org,Male,123.162.212.99
205,Bucky,De Souza,bdesouza5o@chron.com,Male,220.194.64.51
206,Judye,Cholerton,jcholerton5p@bbb.org,Female,82.29.82.140
207,Shanda,Skone,sskone5q@bravesites.com,Female,54.252.23.106
208,Tiler,Tuckett,ttuckett5r@irs.gov,Male,111.116.33.73
209,Cole,Fossey,cfossey5s@nhs.uk,Male,19.24.119.187
210,Cherida,Luxton,cluxton5t@ucoz.com,Female,141.134.2.11
211,Ysabel,Skyram,yskyram5u@wikipedia.org,Female,75.57.252.138
212,Dosi,Inger,dinger5v@google.pl,Female,144.220.43.115
213,Dewain,Threader,dthreader5w@google.co.uk,Male,52.13.246.249
214,Sibeal,Poller,spoller5x@fema.gov,Female,31.158.93.8
215,Brady,Annis,bannis5y@hubpages.com,Male,242.255.182.134
216,Jefferson,Filippello,jfilippello5z@ovh.net,Male,98.255.127.147
217,Nicoline,Esslement,nesslement60@vimeo.com,Female,198.230.59.58
218,Cleve,Smalley,csmalley61@blinklist.com,Male,104.35.241.251
219,Reynold,Phonix,rphonix62@godaddy.com,Male,6.232.209.13
220,Melli,Osgardby,mosgardby63@admin.ch,Female,172.126.217.7
221,Joelle,De la Barre,jdelabarre64@reuters.com,Female,236.73.217.34
222,Weber,Bratty,wbratty65@apple.com,Male,110.177.228.18
223,Selle,Philippe,sphilippe66@adobe.com,Female,49.149.110.23
224,Dacie,Bortoloni,dbortoloni67@themeforest.net,Female,46.81.166.184
225,Fran,Orr,forr68@boston.com,Male,127.191.108.64
226,Conrad,Stormonth,cstormonth69@xing.com,Male,19.152.69.87
227,Charmine,Ashwell,cashwell6a@feedburner.com,Female,84.47.196.61
228,Riobard,Chave,rchave6b@walmart.com,Male,152.174.2.145
229,Davidson,Yakovl,dyakovl6c@smugmug.com,Male,253.120.148.55
230,Gherardo,Dunsire,gdunsire6d@nymag.com,Male,2.183.195.127
231,Dulsea,Axleby,daxleby6e@myspace.com,Female,198.74.106.24
232,Buddy,Adrien,badrien6f@artisteer.com,Male,40.216.63.112
233,Joanna,Khadir,jkhadir6g@tinyurl.com,Female,105.208.187.84
234,Ingra,McKitterick,imckitterick6h@feedburner.com,Male,90.235.153.122
235,Penni,Cutford,pcutford6i@rediff.com,Female,237.31.86.57
236,Lawton,Greenin,lgreenin6j@gizmodo.com,Male,241.146.187.114
237,Dave,Kesley,dkesley6k@squidoo.com,Male,52.69.24.143
238,Ring,Lorand,rlorand6l@hugedomains.com,Male,11.198.128.163
239,Jae,Lugg,jlugg6m@typepad.com,Male,163.124.244.209
240,Bond,Prinne,bprinne6n@ebay.com,Male,220.239.47.253
241,Cinderella,Yurenev,cyurenev6o@blogspot.com,Female,131.157.226.122
242,Tybalt,Offell,toffell6p@smh.com.au,Male,80.37.97.17
243,Mercedes,Matthesius,mmatthesius6q@pagesperso-orange.fr,Female,64.5.72.165
244,Cornell,Battista,cbattista6r@intel.com,Male,205.142.202.218
245,Nixie,Strahan,nstrahan6s@npr.org,Female,18.166.134.154
246,Doti,Pawlik,dpawlik6t@ed.gov,Female,234.14.233.16
247,Stefa,Szymanowski,sszymanowski6u@washington.edu,Female,200.32.233.151
248,Olva,Fawdrey,ofawdrey6v@goodreads.com,Female,193.116.89.147
249,Kassandra,Lambshine,klambshine6w@hostgator.com,Female,78.60.155.56
250,Arlette,Kenninghan,akenninghan6x@list-manage.com,Female,45.254.51.67
251,Gnni,Gehrts,ggehrts6y@state.tx.us,Female,70.118.209.16
252,Frieda,Sickert,fsickert6z@squarespace.com,Female,251.248.105.158
253,Delmore,Germon,dgermon70@baidu.com,Male,212.74.30.250
254,Charissa,Filon,cfilon71@mit.edu,Female,62.108.172.238
255,Michele,Winsley,mwinsley72@moonfruit.com,Male,252.180.130.160
256,Madelle,Pierce,mpierce73@oaic.gov.au,Female,178.148.210.171
257,Nicol,Riguard,nriguard74@youku.com,Female,244.225.199.231
258,Montgomery,Lerohan,mlerohan75@whitehouse.gov,Male,168.169.193.3
259,Darnell,Adolthine,dadolthine76@sun.com,Male,102.171.86.131
260,Dulsea,Romaynes,dromaynes77@un.org,Female,50.51.231.39
261,Cleo,Aldie,caldie78@jugem.jp,Female,186.74.162.236
262,Abrahan,Baverstock,abaverstock79@army.mil,Male,115.11.36.179
263,Stefania,Ewence,sewence7a@1688.com,Female,51.231.105.236
264,Benedetto,Guthrie,bguthrie7b@nhs.uk,Male,228.138.168.250
265,Far,Weagener,fweagener7c@ameblo.jp,Male,147.195.100.177
266,Margaretta,Sirmon,msirmon7d@thetimes.co.uk,Female,115.36.52.12
267,Barbey,Garlee,bgarlee7e@merriam-webster.com,Female,168.7.2.224
268,Jacintha,Muffett,jmuffett7f@networkadvertising.org,Female,221.50.150.240
269,Alfred,Iacovaccio,aiacovaccio7g@privacy.gov.au,Male,220.174.109.111
270,Earlie,Wrought,ewrought7h@scribd.com,Male,225.37.104.213
271,Virge,Baxill,vbaxill7i@google.de,Male,46.144.86.191
272,Terry,Alldread,talldread7j@mysql.com,Male,146.243.95.15
273,Lori,Godsil,lgodsil7k@omniture.com,Female,148.197.208.114
274,Holli,MacCook,hmaccook7l@economist.com,Female,107.80.43.165
275,Nariko,Iggo,niggo7m@ibm.com,Female,14.198.211.224
276,Pattie,Avramovich,pavramovich7n@boston.com,Female,193.37.49.56
277,Maurizia,Kimbley,mkimbley7o@sogou.com,Female,100.157.29.46
278,Ninette,Yegorkin,nyegorkin7p@artisteer.com,Female,174.207.17.196
279,Dean,Noddle,dnoddle7q@spiegel.de,Male,50.159.91.10
280,Elsi,Hattiff,ehattiff7r@godaddy.com,Female,71.155.176.191
281,Etty,Fidele,efidele7s@reference.com,Female,121.222.18.34
282,Gay,Arsey,garsey7t@bbc.co.uk,Female,180.156.135.148
283,Bonita,Gilstin,bgilstin7u@princeton.edu,Female,43.124.39.118
284,Thomas,Hartnell,thartnell7v@chicagotribune.com,Male,180.34.129.146
285,Morgen,Broadwell,mbroadwell7w@utexas.edu,Male,129.108.72.123
286,Claudio,Buntain,cbuntain7x@reuters.com,Male,50.155.123.255
287,Ivar,Ramberg,iramberg7y@vimeo.com,Male,24.131.252.154
288,Jesselyn,Haggish,jhaggish7z@etsy.com,Female,163.66.237.145
289,Billy,Richardeau,brichardeau80@ucla.edu,Male,176.92.106.192
290,Ranna,Artindale,rartindale81@zimbio.com,Female,50.21.95.169
291,Fitzgerald,Shawcross,fshawcross82@tripod.com,Male,177.83.90.131
292,Hewitt,Whitsey,hwhitsey83@symantec.com,Male,215.172.148.188
293,Rudy,Sparshott,rsparshott84@mayoclinic.com,Male,74.192.255.126
294,Nobie,Gooderson,ngooderson85@aboutads.info,Male,233.143.96.175
295,Genvieve,Elster,gelster86@businesswire.com,Female,46.242.254.80
296,Der,Koubu,dkoubu87@sciencedirect.com,Male,244.93.187.65
297,Bartel,Bentjens,bbentjens88@unc.edu,Male,238.153.47.21
298,Orazio,Foxworthy,ofoxworthy89@telegraph.co.uk,Male,163.68.241.141
299,Dennison,Phonix,dphonix8a@twitter.com,Male,126.74.200.200
300,Hagen,Sherel,hsherel8b@icq.com,Male,51.195.184.5
301,Syd,Pinniger,spinniger8c@eepurl.com,Male,134.62.122.1
302,Milty,Sterzaker,msterzaker8d@ftc.gov,Male,75.115.91.110
303,Orland,Sprackling,osprackling8e@tamu.edu,Male,138.67.20.65
304,Amelia,Canas,acanas8f@sina.com.cn,Female,190.155.109.178
305,Wayland,Gravestone,wgravestone8g@hc360.com,Male,151.69.255.35
306,Sabine,Roizin,sroizin8h@rediff.com,Female,140.241.237.39
307,Corilla,Oxx,coxx8i@php.net,Female,21.28.204.197
308,Moishe,Elliston,melliston8j@nsw.gov.au,Male,182.172.146.252
309,Ivan,Imrie,iimrie8k@nbcnews.com,Male,108.225.210.140
310,Tiffani,Brehault,tbrehault8l@weather.com,Female,179.69.153.227
311,Odele,Mordie,omordie8m@quantcast.com,Female,235.148.5.179
312,Stanly,Dunstan,sdunstan8n@upenn.edu,Male,113.241.62.56
313,Cele,Mancer,cmancer8o@opensource.org,Female,118.171.12.238
314,Gretel,Daulby,gdaulby8p@businessweek.com,Female,20.178.219.163
315,Carma,Versey,cversey8q@psu.edu,Female,132.41.50.144
316,Lanie,Doby,ldoby8r@reference.com,Female,138.33.129.121
317,Jaynell,Riccelli,jriccelli8s@meetup.com,Female,138.78.234.83
318,Timothy,Neave,tneave8t@reference.com,Male,125.70.234.64
319,Adriana,Stit,astit8u@cbslocal.com,Female,143.122.135.66
320,Dorothee,Lacaze,dlacaze8v@so-net.ne.jp,Female,0.185.168.192
321,Bartram,Frantz,bfrantz8w@hao123.com,Male,147.58.155.160
322,Kristoffer,Choules,kchoules8x@g.co,Male,33.0.119.62
323,Paxton,Fergie,pfergie8y@tumblr.com,Male,164.165.3.111
324,Micki,Dewitt,mdewitt8z@bbc.co.uk,Female,182.77.157.144
325,Ameline,Tankard,atankard90@twitpic.com,Female,11.115.218.32
326,Raynor,Merigon,rmerigon91@discuz.net,Male,72.203.244.216
327,Rosemary,Honatsch,rhonatsch92@technorati.com,Female,104.82.47.170
328,Rance,Iddiens,riddiens93@who.int,Male,184.233.97.115
329,Charmion,Corinton,ccorinton94@intel.com,Female,126.93.72.137
330,Price,Larrie,plarrie95@g.co,Male,249.194.213.30
331,Pattie,St Pierre,pstpierre96@hostgator.com,Female,156.79.73.43
332,Pearce,Vaissiere,pvaissiere97@geocities.com,Male,208.67.74.206
333,Zenia,Dahlen,zdahlen98@oracle.com,Female,94.136.14.4
334,Nance,Gamlen,ngamlen99@etsy.com,Female,48.142.136.151
335,Marchelle,Schottli,mschottli9a@gmpg.org,Female,208.17.252.42
336,Wilbert,Shermore,wshermore9b@w3.org,Male,180.32.204.214
337,Gard,Obin,gobin9c@seesaa.net,Male,56.245.218.73
338,Roderich,Bartolomeoni,rbartolomeoni9d@globo.com,Male,108.183.124.239
339,Traver,Annakin,tannakin9e@themeforest.net,Male,205.168.141.240
340,Parrnell,Beeckx,pbeeckx9f@phoca.cz,Male,42.145.160.106
341,Ariella,Champkin,achampkin9g@dailymotion.com,Female,228.239.136.107
342,Reider,Almey,ralmey9h@merriam-webster.com,Male,85.181.221.27
343,Arleyne,Cowwell,acowwell9i@topsy.com,Female,11.128.59.194
344,Torry,Sneyd,tsneyd9j@whitehouse.gov,Male,175.10.187.43
345,Morgen,Oliveras,moliveras9k@sbwire.com,Female,69.131.26.14
346,Cy,Keppe,ckeppe9l@webmd.com,Male,176.157.224.169
347,Cortie,Gammill,cgammill9m@europa.eu,Male,78.136.204.247
348,Shoshanna,Etoile,setoile9n@timesonline.co.uk,Female,225.1.194.248
349,Sherman,Bridgland,sbridgland9o@google.com.hk,Male,128.149.128.121
350,Kalil,Juschke,kjuschke9p@cloudflare.com,Male,43.78.196.68
351,Annalise,Stansbie,astansbie9q@tmall.com,Female,150.47.118.203
352,Gerhard,Barke,gbarke9r@altervista.org,Male,103.147.100.191
353,Damien,Billyeald,dbillyeald9s@unesco.org,Male,251.42.187.168
354,Frants,Anneslie,fanneslie9t@privacy.gov.au,Male,148.171.5.161
355,Jess,Marran,jmarran9u@parallels.com,Female,183.126.60.206
356,Linea,Dresche,ldresche9v@slate.com,Female,247.152.92.155
357,Jillana,Gabey,jgabey9w@howstuffworks.com,Female,161.60.103.31
358,Gare,Stocks,gstocks9x@booking.com,Male,199.153.254.251
359,Waylon,Bottomore,wbottomore9y@yahoo.co.jp,Male,10.47.168.168
360,Sharona,Seeler,sseeler9z@amazon.co.uk,Female,233.202.52.101
361,Ronny,Dunnet,rdunneta0@surveymonkey.com,Male,201.72.160.217
362,Dorothy,Mouse,dmousea1@apple.com,Female,162.107.143.54
363,Keriann,Ghirigori,kghirigoria2@i2i.jp,Female,95.99.247.81
364,Haze,Chiene,hchienea3@army.mil,Male,140.62.43.85
365,Dniren,Buffey,dbuffeya4@tmall.com,Female,186.75.29.142
366,Cristabel,Cruse,ccrusea5@google.ru,Female,85.158.9.52
367,Pace,Varrow,pvarrowa6@reference.com,Male,90.232.202.169
368,Jarrad,Fontaine,jfontainea7@altervista.org,Male,2.14.12.26
369,Edouard,Steedman,esteedmana8@omniture.com,Male,160.65.19.252
370,Wake,Lipmann,wlipmanna9@pagesperso-orange.fr,Male,27.146.166.239
371,Aile,Gascoigne,agascoigneaa@google.nl,Female,197.3.102.60
372,Star,Thorn,sthornab@elpais.com,Female,58.20.83.149
373,Westbrooke,Jinkins,wjinkinsac@stanford.edu,Male,127.178.254.236
374,Bryan,Ruddiman,bruddimanad@indiatimes.com,Male,136.167.47.233
375,Justin,Salter,jsalterae@fotki.com,Male,222.238.13.21
376,Smith,Critchley,scritchleyaf@illinois.edu,Male,63.241.204.55
377,Mallory,Bugler,mbuglerag@ibm.com,Male,61.194.111.139
378,Davy,Peplay,dpeplayah@indiegogo.com,Male,87.37.158.146
379,Frannie,Dadd,fdaddai@hibu.com,Female,71.248.150.200
380,Farley,Treneman,ftrenemanaj@npr.org,Male,114.58.10.107
381,Wyn,Andreu,wandreuak@dailymail.co.uk,Male,253.94.236.165
382,Merna,Berlin,mberlinal@wp.com,Female,71.115.132.105
383,Kaitlin,Ravenshaw,kravenshawam@tamu.edu,Female,93.7.90.225
384,Gibby,Bengough,gbengoughan@virginia.edu,Male,119.244.5.14
385,Malvin,Cereceres,mcereceresao@seattletimes.com,Male,254.149.65.205
386,Perceval,Proger,pprogerap@ed.gov,Male,119.112.116.4
387,Aldin,Caile,acaileaq@fema.gov,Male,125.220.153.19
388,Chevalier,Kopje,ckopjear@rakuten.co.jp,Male,56.202.195.136
389,Ward,Haylett,whaylettas@japanpost.jp,Male,207.171.97.238
390,Sari,Richardin,srichardinat@chron.com,Female,171.68.16.147
391,Dur,Porrett,dporrettau@dedecms.com,Male,2.64.43.164
392,Christy,Wicks,cwicksav@php.net,Male,187.151.237.182
393,Addi,Olliff,aolliffaw@google.co.uk,Female,139.137.21.15
394,Jannel,Bartolomeo,jbartolomeoax@wp.com,Female,80.59.45.27
395,Lorain,Singyard,lsingyarday@icio.us,Female,145.86.182.52
396,Carrissa,Beswick,cbeswickaz@sciencedaily.com,Female,50.216.165.128
397,Alfons,Kohnert,akohnertb0@infoseek.co.jp,Male,216.184.208.116
398,Nada,Szymczyk,nszymczykb1@fda.gov,Female,205.215.21.52
399,Rodger,Gallier,rgallierb2@mashable.com,Male,70.149.72.215
400,Coleman,Karim,ckarimb3@goodreads.com,Male,55.221.63.222
401,Fanny,Leddie,fleddieb4@mapy.cz,Female,72.212.47.121
402,Carlos,Clothier,cclothierb5@studiopress.com,Male,174.143.245.223
403,Iago,Beazer,ibeazerb6@homestead.com,Male,147.28.126.196
404,Royal,Rundle,rrundleb7@sciencedaily.com,Male,121.66.110.235
405,Ber,Goodread,bgoodreadb8@redcross.org,Male,250.201.78.238
406,Ken,Debling,kdeblingb9@yelp.com,Male,95.105.70.104
407,Barb,Linger,blingerba@salon.com,Female,211.24.227.246
408,Rey,Duckitt,rduckittbb@homestead.com,Male,94.66.114.226
409,Cele,Nasi,cnasibc@sfgate.com,Female,80.102.26.120
410,Paolina,Grossman,pgrossmanbd@phoca.cz,Female,106.117.35.189
411,Brady,Giorgeschi,bgiorgeschibe@mtv.com,Male,134.41.240.219
412,Paige,Melan,pmelanbf@google.com.hk,Female,222.186.183.227
413,Frankie,Straine,fstrainebg@xrea.com,Female,85.13.103.188
414,Penrod,Crandon,pcrandonbh@netlog.com,Male,117.26.244.134
415,Fern,Manuello,fmanuellobi@pagesperso-orange.fr,Female,177.102.174.150
416,Jude,MacGillespie,jmacgillespiebj@arstechnica.com,Male,97.144.114.46
417,Claretta,Brownsworth,cbrownsworthbk@cam.ac.uk,Female,25.101.1.3
418,Ferris,Piddocke,fpiddockebl@geocities.com,Male,158.240.103.77
419,Terra,Milroy,tmilroybm@eepurl.com,Female,129.130.39.104
420,Dyanna,Mothersole,dmothersolebn@360.cn,Female,223.179.34.64
421,Sylvester,Flarity,sflaritybo@dion.ne.jp,Male,101.241.232.224
422,Zak,Duinbleton,zduinbletonbp@google.com.au,Male,100.217.217.212
423,Arlen,Forster,aforsterbq@facebook.com,Male,251.67.2.91
424,Chaddie,Schonfeld,cschonfeldbr@tripod.com,Male,22.207.35.254
425,Aylmar,Muckart,amuckartbs@bloglovin.com,Male,89.126.100.104
426,Kore,Wilfinger,kwilfingerbt@sbwire.com,Female,136.236.209.149
427,Yale,Antonsen,yantonsenbu@mysql.com,Male,124.119.167.5
428,Kellsie,Birmingham,kbirminghambv@nydailynews.com,Female,4.12.153.15
429,Harold,Hayland,hhaylandbw@soup.io,Male,83.142.182.73
430,Suzi,Dayly,sdaylybx@wufoo.com,Female,170.36.254.90
431,Phylys,Royston,proystonby@cnn.com,Female,178.56.16.131
432,Chantal,Crannell,ccrannellbz@mashable.com,Female,58.48.76.0
433,Westley,MacArte,wmacartec0@cam.ac.uk,Male,6.201.164.86
434,Wait,Farlane,wfarlanec1@ameblo.jp,Male,113.186.39.137
435,Brinna,Licciardiello,blicciardielloc2@e-recht24.de,Female,93.39.130.250
436,Ailey,Breckin,abreckinc3@nature.com,Female,52.104.123.64
437,Alexandro,Shiell,ashiellc4@hibu.com,Male,58.116.58.144
438,Melli,Bette,mbettec5@taobao.com,Female,173.142.89.106
439,Leroi,Gerritsma,lgerritsmac6@spotify.com,Male,209.10.173.81
440,Dianemarie,Craw,dcrawc7@ocn.ne.jp,Female,186.9.76.190
441,Willdon,Maypole,wmaypolec8@yahoo.co.jp,Male,172.96.165.97
442,Osmond,Ducaen,oducaenc9@dailymotion.com,Male,54.232.187.168
443,Leila,Greed,lgreedca@epa.gov,Female,188.160.66.60
444,Janetta,Banstead,jbansteadcb@stumbleupon.com,Female,20.239.34.234
445,Alexandros,Haughan,ahaughancc@archive.org,Male,131.160.158.190
446,Kala,Gamage,kgamagecd@free.fr,Female,238.251.113.159
447,Adams,McMillan,amcmillance@paginegialle.it,Male,77.253.231.23
448,Lorilee,Dommett,ldommettcf@tumblr.com,Female,91.18.46.192
449,Gearalt,Dominguez,gdominguezcg@epa.gov,Male,36.252.253.60
450,Dick,Hegges,dheggesch@wufoo.com,Male,39.180.156.197
451,Adolphus,Foulser,afoulserci@pagesperso-orange.fr,Male,211.160.74.176
452,Reinaldo,Sempill,rsempillcj@dion.ne.jp,Male,92.0.114.76
453,Stanislas,Metheringham,smetheringhamck@google.com,Male,237.183.253.106
454,Dorine,Kliement,dkliementcl@github.io,Female,28.156.188.6
455,Ethel,Houtby,ehoutbycm@time.com,Female,68.201.134.149
456,Marleen,Tunaclift,mtunacliftcn@vinaora.com,Female,8.154.241.190
457,Leonardo,Olley,lolleyco@google.it,Male,74.97.36.26
458,Alyson,Durden,adurdencp@bbb.org,Female,196.162.88.63
459,John,Levis,jleviscq@opera.com,Male,237.21.214.153
460,Christiano,Wildish,cwildishcr@google.es,Male,54.223.167.39
461,Harlin,Gadson,hgadsoncs@youku.com,Male,111.67.131.35
462,Vaughn,Eddolls,veddollsct@europa.eu,Male,243.176.252.175
463,Lulu,Willgress,lwillgresscu@blogtalkradio.com,Female,81.50.92.121
464,Raimondo,Strute,rstrutecv@wikipedia.org,Male,180.3.159.171
465,Alvera,Outridge,aoutridgecw@bing.com,Female,199.99.227.132
466,Eleen,Tilston,etilstoncx@wiley.com,Female,74.19.164.188
467,Gertrud,Mirrlees,gmirrleescy@ca.gov,Female,131.16.66.71
468,Nertie,Craythorne,ncraythornecz@histats.com,Female,83.200.113.158
469,Wilton,Moens,wmoensd0@ucsd.edu,Male,167.163.9.52
470,Annette,Miskin,amiskind1@netvibes.com,Female,149.179.18.7
471,Morey,Ellgood,mellgoodd2@ycombinator.com,Male,166.253.168.77
472,Gerianne,Prodrick,gprodrickd3@bloomberg.com,Female,125.199.73.108
473,Kym,Janodet,kjanodetd4@forbes.com,Female,187.213.239.41
474,Chandra,Vivian,cviviand5@telegraph.co.uk,Female,5.231.61.177
475,Corbet,Zollner,czollnerd6@e-recht24.de,Male,27.10.121.99
476,Gian,Coldicott,gcoldicottd7@japanpost.jp,Male,92.119.21.246
477,Cyndy,Baggiani,cbaggianid8@printfriendly.com,Female,55.81.250.88
478,Garvin,Butteris,gbutterisd9@friendfeed.com,Male,73.152.72.71
479,Marillin,Greenard,mgreenardda@mail.ru,Female,170.197.180.162
480,Brita,Vidgeon,bvidgeondb@bandcamp.com,Female,125.152.173.73
481,Shari,Gladhill,sgladhilldc@lulu.com,Female,247.164.222.192
482,Phil,Huban,phubandd@nih.gov,Male,139.70.133.118
483,Onfroi,Watkinson,owatkinsonde@hubpages.com,Male,143.42.14.103
484,Shalne,Giraldez,sgiraldezdf@kickstarter.com,Female,192.36.153.38
485,Mano,Langdale,mlangdaledg@independent.co.uk,Male,131.87.134.53
486,Vick,Fortman,vfortmandh@umn.edu,Male,185.213.99.0
487,Darrel,Lemmon,dlemmondi@pagesperso-orange.fr,Male,6.74.155.177
488,Tasia,Nabarro,tnabarrodj@drupal.org,Female,16.20.183.190
489,Court,Patsall,cpatsalldk@wikimedia.org,Male,148.172.62.253
490,Hogan,Good,hgooddl@naver.com,Male,110.148.177.117
491,Jacquelynn,Walder,jwalderdm@va.gov,Female,63.194.188.35
492,Teresina,Pell,tpelldn@techcrunch.com,Female,209.20.206.252
493,Hannah,Haygreen,hhaygreendo@hud.gov,Female,252.178.44.104
494,Kirsten,Petrushanko,kpetrushankodp@shinystat.com,Female,206.34.201.193
495,Sherline,Van Driel,svandrieldq@aboutads.info,Female,114.43.60.126
496,Thelma,Siberry,tsiberrydr@omniture.com,Female,12.3.236.160
497,Kaitlyn,St. Queintain,kstqueintainds@google.com,Female,111.121.152.58
498,Zelda,Hastings,zhastingsdt@de.vu,Female,55.217.248.138
499,Johnathon,Kahan,jkahandu@squarespace.com,Male,217.252.91.172
500,Glynda,Sommerland,gsommerlanddv@cnn.com,Female,165.53.141.224
501,Ophelie,Linggard,olinggarddw@wired.com,Female,53.157.196.64
502,Edik,Linzey,elinzeydx@gmpg.org,Male,213.244.198.177
503,Casey,Iacopini,ciacopinidy@wisc.edu,Female,117.120.118.56
504,Aline,Dickie,adickiedz@cbsnews.com,Female,104.115.39.129
505,Rube,Coumbe,rcoumbee0@live.com,Male,118.232.197.15
506,Clarey,Douty,cdoutye1@seattletimes.com,Female,10.129.133.39
507,Pren,Probbings,pprobbingse2@purevolume.com,Male,218.210.228.219
508,Reade,Garioch,rgarioche3@geocities.jp,Male,193.160.9.175
509,Melisse,MacMurray,mmacmurraye4@qq.com,Female,136.245.92.143
510,Daniele,Lillgard,dlillgarde5@cocolog-nifty.com,Female,52.138.178.61
511,Bertram,Garrad,bgarrade6@alexa.com,Male,32.109.219.255
512,Sadye,Regan,sregane7@npr.org,Female,60.248.20.144
513,Boy,Pirouet,bpirouete8@accuweather.com,Male,228.232.95.80
514,Jecho,Emmott,jemmotte9@altervista.org,Male,250.240.95.10
515,Joya,Mapples,jmapplesea@kickstarter.com,Female,166.103.11.150
516,Craggie,Tretwell,ctretwelleb@reddit.com,Male,232.190.178.90
517,Rosalynd,Conroy,rconroyec@blogspot.com,Female,131.49.222.245
518,Mercy,Sheppard,mshepparded@de.vu,Female,157.87.92.186
519,Cale,Maplestone,cmaplestoneee@bloglovin.com,Male,30.93.184.135
520,Shane,Cheesley,scheesleyef@xinhuanet.com,Male,161.118.91.145
521,Stephen,Trembey,strembeyeg@jalbum.net,Male,72.86.131.250
522,Dominic,Prandini,dprandinieh@blogs.com,Male,152.78.165.10
523,Betsy,Drever,bdreverei@reddit.com,Female,139.198.19.211
524,Enrika,Ranaghan,eranaghanej@unicef.org,Female,62.65.10.129
525,Gwyneth,Guesford,gguesfordek@twitter.com,Female,80.186.192.192
526,Bobbie,Weatherup,bweatherupel@qq.com,Female,61.178.70.230
527,Jasper,Winckles,jwincklesem@spiegel.de,Male,123.126.91.86
528,Napoleon,Jameson,njamesonen@imageshack.us,Male,161.237.55.166
529,Dave,Jenson,djensoneo@cargocollective.com,Male,0.97.224.247
530,Charlena,Hassett,chassettep@bravesites.com,Female,253.242.36.125
531,Lorain,Jordine,ljordineeq@phoca.cz,Female,16.17.68.83
532,Karalynn,Binfield,kbinfielder@ft.com,Female,97.155.177.203
533,Delora,Vaadeland,dvaadelandes@washingtonpost.com,Female,19.133.68.37
534,Andres,Dimitriev,adimitrievet@liveinternet.ru,Male,13.152.76.45
535,Briano,Yokley,byokleyeu@soundcloud.com,Male,235.145.157.98
536,Roslyn,Inglesfield,ringlesfieldev@drupal.org,Female,193.223.1.61
537,Maison,Dudek,mdudekew@tamu.edu,Male,156.244.230.118
538,Donnie,Dear,ddearex@ucsd.edu,Male,247.1.82.19
539,Koral,Macieja,kmaciejaey@eventbrite.com,Female,77.69.227.203
540,Willy,Godley,wgodleyez@statcounter.com,Female,188.187.119.56
541,Karissa,Thay,kthayf0@google.nl,Female,165.142.205.37
542,Deonne,Slocomb,dslocombf1@360.cn,Female,54.141.155.60
543,Torrey,Parlatt,tparlattf2@ihg.com,Male,227.26.20.235
544,Charmine,Nanninini,cnannininif3@apple.com,Female,24.213.207.108
545,Krystyna,Blonden,kblondenf4@about.me,Female,202.222.5.196
546,Trumaine,Conibeer,tconibeerf5@theglobeandmail.com,Male,160.15.212.33
547,Gretel,Hadgkiss,ghadgkissf6@blinklist.com,Female,19.245.56.77
548,Sibley,Eastbury,seastburyf7@marketwatch.com,Female,124.179.200.202
549,Robb,Jenyns,rjenynsf8@devhub.com,Male,54.130.198.20
550,Elberta,Pritchett,epritchettf9@ca.gov,Female,4.227.100.115
551,Cordula,McTrustey,cmctrusteyfa@symantec.com,Female,183.240.161.168
552,Ingaberg,Brownsmith,ibrownsmithfb@salon.com,Female,21.254.254.44
553,Skip,Ianetti,sianettifc@addtoany.com,Male,114.243.13.242
554,Petunia,Bursnall,pbursnallfd@360.cn,Female,226.67.168.143
555,Richmond,Pilkinton,rpilkintonfe@ca.gov,Male,240.155.54.213
556,Helena,Bishop,hbishopff@trellian.com,Female,100.217.63.227
557,Mannie,Jozsa,mjozsafg@redcross.org,Male,105.164.176.147
558,Johnathan,Dragon,jdragonfh@cpanel.net,Male,23.17.141.220
559,Abdul,Deftie,adeftiefi@tuttocitta.it,Male,157.97.248.223
560,Salvador,Halstead,shalsteadfj@blinklist.com,Male,22.137.180.147
561,Noby,Lopez,nlopezfk@pen.io,Male,192.88.111.137
562,Shea,Rentalll,srentalllfl@mediafire.com,Male,99.245.139.49
563,Tessie,Seeviour,tseeviourfm@ihg.com,Female,236.217.33.159
564,Saunder,Borzoni,sborzonifn@woothemes.com,Male,25.108.172.132
565,Darb,Costerd,dcosterdfo@un.org,Male,79.58.126.65
566,Wayne,Warbeys,wwarbeysfp@example.com,Male,92.236.252.217
567,Carmita,Maultby,cmaultbyfq@answers.com,Female,96.249.58.70
568,Ole,Bene,obenefr@mozilla.org,Male,115.15.128.147
569,Adair,Castree,acastreefs@utexas.edu,Male,124.106.59.141
570,Maurine,Woollard,mwoollardft@uiuc.edu,Female,58.3.183.128
571,Ariadne,Astall,aastallfu@earthlink.net,Female,38.82.68.41
572,Yehudi,Roz,yrozfv@abc.net.au,Male,54.14.212.243
573,Hermie,Ritchard,hritchardfw@newyorker.com,Male,129.242.48.49
574,Gilligan,Bastin,gbastinfx@tiny.cc,Female,34.63.73.40
575,Xerxes,Donaghie,xdonaghiefy@domainmarket.com,Male,208.195.218.241
576,Gaspard,Everard,geverardfz@state.gov,Male,219.208.8.77
577,Tito,Pury,tpuryg0@shareasale.com,Male,254.181.245.66
578,Luke,McCrie,lmccrieg1@altervista.org,Male,150.195.141.127
579,Lu,Bartholin,lbartholing2@etsy.com,Female,136.64.59.91
580,Rosalind,Satchell,rsatchellg3@paginegialle.it,Female,92.70.60.59
581,Catarina,Biasini,cbiasinig4@dmoz.org,Female,189.229.86.110
582,Ram,McDonald,rmcdonaldg5@google.fr,Male,126.43.139.117
583,Fred,Souch,fsouchg6@tumblr.com,Female,180.78.4.43
584,Maggi,Fearick,mfearickg7@netlog.com,Female,28.103.138.153
585,Gran,Flintiff,gflintiffg8@jimdo.com,Male,23.36.21.57
586,Chanda,Bagnall,cbagnallg9@soup.io,Female,229.95.166.160
587,Darleen,Kybird,dkybirdga@usatoday.com,Female,38.151.141.12
588,Myrle,Wallenger,mwallengergb@ameblo.jp,Female,156.132.157.215
589,Ignacio,Cobson,icobsongc@webs.com,Male,10.110.83.137
590,Edsel,Yesinov,eyesinovgd@wsj.com,Male,55.144.166.81
591,Berkie,Couth,bcouthge@wikimedia.org,Male,102.26.33.248
592,Madeline,Betchley,mbetchleygf@toplist.cz,Female,4.237.43.237
593,Joela,Lindsley,jlindsleygg@ustream.tv,Female,9.148.219.48
594,Anderea,Tallent,atallentgh@theguardian.com,Female,239.98.15.166
595,Xymenes,Goldin,xgoldingi@smh.com.au,Male,113.228.97.253
596,Justen,Boerder,jboerdergj@tumblr.com,Male,129.247.222.151
597,Sullivan,McEwen,smcewengk@tuttocitta.it,Male,130.243.86.156
598,Eva,Leibold,eleiboldgl@opensource.org,Female,172.194.87.160
599,Candra,Oleshunin,coleshuningm@studiopress.com,Female,173.161.151.113
600,Berkeley,McPheat,bmcpheatgn@cargocollective.com,Male,237.129.24.244
601,Lauritz,McCritchie,lmccritchiego@networkadvertising.org,Male,52.195.225.56
602,Amitie,McClaren,amcclarengp@creativecommons.org,Female,30.87.127.11
603,Farly,Wogdon,fwogdongq@amazon.de,Male,20.249.133.180
604,Fritz,Tixier,ftixiergr@i2i.jp,Male,84.210.98.204
605,Geralda,Lougheid,glougheidgs@usgs.gov,Female,188.9.109.9
606,Gunilla,Hammant,ghammantgt@ca.gov,Female,247.27.28.232
607,Enrico,Imorts,eimortsgu@imageshack.us,Male,165.21.76.19
608,Erik,Kinghorn,ekinghorngv@woothemes.com,Male,120.161.59.146
609,Abner,Hynson,ahynsongw@businesswire.com,Male,35.146.12.66
610,Benjamen,Briggdale,bbriggdalegx@ovh.net,Male,44.203.107.36
611,Vivien,Sleford,vslefordgy@tumblr.com,Female,144.184.45.11
612,Keenan,Streather,kstreathergz@oracle.com,Male,95.106.5.239
613,Abbie,Binton,abintonh0@shareasale.com,Female,223.148.35.216
614,Leicester,Villar,lvillarh1@a8.net,Male,240.251.215.126
615,Margery,Schutze,mschutzeh2@sohu.com,Female,176.210.251.28
616,Christina,Sevier,csevierh3@zimbio.com,Female,156.21.164.95
617,Loralie,Schout,lschouth4@biglobe.ne.jp,Female,189.106.13.107
618,Rudolf,Rapsey,rrapseyh5@dion.ne.jp,Male,28.145.190.1
619,Gipsy,Tomalin,gtomalinh6@toplist.cz,Female,93.53.216.33
620,Ruby,Gouldstone,rgouldstoneh7@constantcontact.com,Male,25.101.113.242
621,Aloysius,Garbutt,agarbutth8@china.com.cn,Male,123.54.95.195
622,Werner,Baldick,wbaldickh9@networkadvertising.org,Male,24.170.73.162
623,Mario,Buttrick,mbuttrickha@dedecms.com,Male,92.246.187.178
624,Dorise,Nolin,dnolinhb@engadget.com,Female,6.171.12.228
625,Jandy,Hymor,jhymorhc@xrea.com,Female,37.76.110.120
626,Antonella,Ludl,aludlhd@nba.com,Female,240.69.245.6
627,Jessalin,Stanners,jstannershe@reddit.com,Female,147.13.64.24
628,Kessiah,MacCallam,kmaccallamhf@issuu.com,Female,237.168.205.228
629,Jillana,Dew,jdewhg@bloglines.com,Female,169.37.77.75
630,Ulick,Navan,unavanhh@discuz.net,Male,132.124.18.133
631,Ernestus,McKinstry,emckinstryhi@squidoo.com,Male,8.200.77.176
632,Gibb,Melan,gmelanhj@diigo.com,Male,193.207.72.67
633,Don,Dagwell,ddagwellhk@pinterest.com,Male,48.79.207.212
634,Haskel,Golds,hgoldshl@princeton.edu,Male,43.245.232.188
635,Carlynne,Polotti,cpolottihm@scientificamerican.com,Female,231.142.176.79
636,Stanfield,Carayol,scarayolhn@scientificamerican.com,Male,227.250.34.107
637,Klement,Munslow,kmunslowho@cam.ac.uk,Male,158.94.36.246
638,Sidonia,Bockings,sbockingshp@g.co,Female,220.79.112.42
639,Reade,Islip,risliphq@nyu.edu,Male,106.62.83.179
640,Brooks,Robjents,brobjentshr@t.co,Female,179.35.135.186
641,Arnie,Kees,akeeshs@furl.net,Male,181.3.77.192
642,Elisabeth,McGruar,emcgruarht@google.fr,Female,98.227.77.204
643,West,Aery,waeryhu@wisc.edu,Male,156.223.103.27
644,Brocky,Kilmister,bkilmisterhv@altervista.org,Male,52.94.32.6
645,Chalmers,Junkin,cjunkinhw@opensource.org,Male,73.215.5.230
646,Ethelin,Bearne,ebearnehx@reddit.com,Female,101.33.133.15
647,Herc,Ferrero,hferrerohy@moonfruit.com,Male,75.12.143.205
648,Bordy,Pasby,bpasbyhz@devhub.com,Male,227.104.170.181
649,Layla,Greenset,lgreenseti0@squidoo.com,Female,9.241.44.182
650,Marven,Creevy,mcreevyi1@discovery.com,Male,223.182.87.109
651,Helli,Sayburn,hsayburni2@yahoo.com,Female,78.5.19.238
652,Ashley,Melsom,amelsomi3@jiathis.com,Female,138.111.112.117
653,Karoly,Stafford,kstaffordi4@nydailynews.com,Female,146.242.114.147
654,Sollie,Caudray,scaudrayi5@rediff.com,Male,162.253.180.81
655,Camila,Yoodall,cyoodalli6@nymag.com,Female,24.192.49.21
656,Gerhardt,Portal,gportali7@pinterest.com,Male,192.206.34.241
657,Grethel,Nowick,gnowicki8@theglobeandmail.com,Female,8.132.148.140
658,Ethan,Casse,ecassei9@hhs.gov,Male,196.29.81.212
659,Audry,Breadmore,abreadmoreia@springer.com,Female,205.69.104.140
660,Shaw,Dudhill,sdudhillib@jiathis.com,Male,29.216.14.108
661,Roselin,Grummitt,rgrummittic@xinhuanet.com,Female,52.7.49.39
662,Mathias,Gateland,mgatelandid@shutterfly.com,Male,6.208.84.66
663,Elnora,Mc Combe,emccombeie@w3.org,Female,117.50.206.208
664,Lynnette,Gable,lgableif@latimes.com,Female,198.131.107.115
665,Edy,Bruckshaw,ebruckshawig@digg.com,Female,186.182.171.100
666,Ginni,Dourin,gdourinih@dailymail.co.uk,Female,203.33.200.75
667,Dorthy,Phlippsen,dphlippsenii@seesaa.net,Female,73.171.177.61
668,Alasteir,Fullom,afullomij@yellowbook.com,Male,23.13.156.228
669,Orelee,Kirman,okirmanik@blogtalkradio.com,Female,178.91.155.122
670,Obed,Mallison,omallisonil@weebly.com,Male,101.105.17.47
671,Thorvald,Fynes,tfynesim@forbes.com,Male,77.111.220.146
672,Theresita,Skirling,tskirlingin@google.com.br,Female,109.63.114.104
673,Kelby,Daddow,kdaddowio@free.fr,Male,128.215.77.251
674,Romona,Rosenhaupt,rrosenhauptip@icio.us,Female,187.166.160.239
675,Archy,Musto,amustoiq@comcast.net,Male,232.130.27.59
676,Derrick,Trafford,dtraffordir@baidu.com,Male,213.250.49.31
677,Lanette,Shiril,lshirilis@dell.com,Female,62.142.233.105
678,Dolph,Mariyushkin,dmariyushkinit@lycos.com,Male,77.219.129.101
679,Costanza,McCumesky,cmccumeskyiu@tmall.com,Female,28.47.179.126
680,Ileane,Fingleton,ifingletoniv@jimdo.com,Female,197.160.172.9
681,Padriac,Treuge,ptreugeiw@forbes.com,Male,82.102.8.176
682,Tracey,Bridel,tbridelix@instagram.com,Female,56.30.68.30
683,Bev,Verecker,bvereckeriy@topsy.com,Male,139.236.42.112
684,Roley,O'Cahey,rocaheyiz@behance.net,Male,183.111.129.127
685,Anya,Mattinson,amattinsonj0@cyberchimps.com,Female,124.241.233.29
686,Camey,Wigginton,cwiggintonj1@hhs.gov,Male,75.5.163.220
687,Maisie,Lutty,mluttyj2@php.net,Female,254.236.38.157
688,Augustine,Gulleford,agullefordj3@theglobeandmail.com,Male,31.188.25.31
689,Simona,Koene,skoenej4@npr.org,Female,37.100.63.174
690,Cathrine,O'Fergus,cofergusj5@dailymotion.com,Female,226.82.165.59
691,Juliet,Cashford,jcashfordj6@tamu.edu,Female,130.208.101.153
692,Duff,Wollers,dwollersj7@facebook.com,Male,240.10.245.6
693,Berk,Eamer,beamerj8@rediff.com,Male,132.82.111.194
694,Dorotea,Cullotey,dculloteyj9@shop-pro.jp,Female,55.22.166.75
695,Urson,Jiroutek,ujiroutekja@usnews.com,Male,10.232.247.101
696,Codee,Horsted,chorstedjb@creativecommons.org,Female,215.12.214.16
697,Melva,Dodshun,mdodshunjc@sciencedaily.com,Female,98.34.213.75
698,Bordie,Stabbins,bstabbinsjd@home.pl,Male,179.25.38.231
699,Chase,Headings,cheadingsje@sitemeter.com,Male,236.14.73.136
700,Pierson,Steventon,psteventonjf@gmpg.org,Male,6.163.219.4
701,Thorn,Carreyette,tcarreyettejg@facebook.com,Male,207.51.213.93
702,Chaddy,Call,ccalljh@xrea.com,Male,37.50.30.128
703,Carolyne,Checcuzzi,ccheccuzziji@moonfruit.com,Female,229.27.53.174
704,Cirilo,Matyukon,cmatyukonjj@liveinternet.ru,Male,45.180.214.136
705,Cristiano,Dudderidge,cdudderidgejk@wp.com,Male,29.152.77.162
706,Van,Trainer,vtrainerjl@imdb.com,Male,218.156.210.186
707,Marybelle,Godsal,mgodsaljm@economist.com,Female,130.85.143.62
708,Dorothy,Labba,dlabbajn@hao123.com,Female,160.112.87.235
709,Conrad,Goldsbury,cgoldsburyjo@shareasale.com,Male,119.59.224.183
710,Wilhelmine,Benitez,wbenitezjp@usda.gov,Female,27.240.175.15
711,Dedie,Bradnam,dbradnamjq@digg.com,Female,30.230.76.226
712,Franzen,Parrott,fparrottjr@mlb.com,Male,218.196.36.55
713,Pierce,Lappin,plappinjs@un.org,Male,120.43.78.188
714,Tabb,Borthram,tborthramjt@newsvine.com,Male,211.66.132.52
715,Emilia,Tuckey,etuckeyju@wiley.com,Female,12.125.217.149
716,Brianne,Kerwen,bkerwenjv@sciencedirect.com,Female,28.162.76.103
717,Barnaby,Allanson,ballansonjw@wikispaces.com,Male,30.134.114.38
718,Deb,Clancy,dclancyjx@samsung.com,Female,135.228.235.145
719,Berna,Chazier,bchazierjy@theguardian.com,Female,105.246.235.136
720,Nowell,Dunk,ndunkjz@wordpress.org,Male,162.10.61.167
721,Novelia,Howroyd,nhowroydk0@de.vu,Female,21.192.223.233
722,Mufi,Joslin,mjoslink1@mtv.com,Female,181.128.98.123
723,Alanna,Faire,afairek2@stanford.edu,Female,185.14.81.46
724,Zedekiah,Whyler,zwhylerk3@shutterfly.com,Male,132.198.187.47
725,Ninetta,Webermann,nwebermannk4@barnesandnoble.com,Female,176.9.70.157
726,Tessa,Eates,teatesk5@sun.com,Female,65.49.14.159
727,Nathanil,Gyles,ngylesk6@nyu.edu,Male,35.74.195.121
728,Vevay,Ramirez,vramirezk7@squidoo.com,Female,22.58.94.107
729,Rodger,Renol,rrenolk8@geocities.com,Male,41.250.124.255
730,Athene,Hitzke,ahitzkek9@dmoz.org,Female,132.30.178.182
731,Aldis,Sutherington,asutheringtonka@sfgate.com,Male,179.24.126.44
732,Sherie,Dainty,sdaintykb@netvibes.com,Female,67.248.224.49
733,Oren,Gravener,ogravenerkc@mashable.com,Male,5.74.165.188
734,Jens,Windeatt,jwindeattkd@intel.com,Male,80.166.138.95
735,Miof mela,Meert,mmeertke@theguardian.com,Female,152.152.234.222
736,Jill,Konke,jkonkekf@fastcompany.com,Female,158.161.102.246
737,Hilario,Markie,hmarkiekg@bing.com,Male,112.161.36.29
738,Goddart,Liebmann,gliebmannkh@mlb.com,Male,100.254.217.8
739,Tobie,Limpenny,tlimpennyki@wikipedia.org,Male,160.163.86.217
740,Ward,Chard,wchardkj@earthlink.net,Male,76.208.140.186
741,Celine,Bartoletti,cbartolettikk@walmart.com,Female,211.131.199.204
742,Kennan,Carlo,kcarlokl@homestead.com,Male,41.201.4.73
743,Joane,Pleming,jplemingkm@youtube.com,Female,106.24.189.68
744,Ash,Greves,agreveskn@addthis.com,Male,137.174.86.81
745,Sharl,Winship,swinshipko@vk.com,Female,207.10.147.148
746,Barde,Fluger,bflugerkp@soup.io,Male,127.211.242.9
747,Randie,Ridesdale,rridesdalekq@theatlantic.com,Male,30.145.29.103
748,Pietra,Branch,pbranchkr@oaic.gov.au,Female,166.56.27.134
749,Daryle,Wyldish,dwyldishks@purevolume.com,Male,31.240.149.48
750,Bond,Vella,bvellakt@boston.com,Male,92.36.34.248
751,Liam,Allett,lallettku@yellowpages.com,Male,184.246.213.190
752,Thorstein,Druce,tdrucekv@typepad.com,Male,172.38.142.245
753,Borden,Brason,bbrasonkw@tinyurl.com,Male,191.49.160.151
754,Hayden,Blain,hblainkx@cnbc.com,Male,83.65.99.40
755,Gaspard,Halworth,ghalworthky@craigslist.org,Male,193.134.76.222
756,Dewain,Hulse,dhulsekz@alibaba.com,Male,199.120.70.61
757,Carmina,Broun,cbrounl0@e-recht24.de,Female,245.17.5.164
758,Kipp,O'Doogan,kodooganl1@unblog.fr,Male,67.159.246.216
759,Gradeigh,Kalaher,gkalaherl2@diigo.com,Male,122.77.27.84
760,Cassius,Bamber,cbamberl3@instagram.com,Male,169.33.144.215
761,Selestina,Worsley,sworsleyl4@sun.com,Female,150.10.161.29
762,Cynthy,Bohlens,cbohlensl5@privacy.gov.au,Female,251.160.83.147
763,Idalia,Juppe,ijuppel6@netvibes.com,Female,124.249.199.206
764,Pammy,Pizey,ppizeyl7@sciencedirect.com,Female,169.221.170.75
765,Violette,Boykett,vboykettl8@xrea.com,Female,78.251.254.237
766,Cami,Tanser,ctanserl9@xinhuanet.com,Female,34.210.234.72
767,Tammy,Slay,tslayla@hostgator.com,Female,43.238.0.37
768,Nikolai,Lowey,nloweylb@businessweek.com,Male,138.39.74.38
769,Luce,Emery,lemerylc@wisc.edu,Female,180.87.35.115
770,Thaddeus,Grafom,tgrafomld@ameblo.jp,Male,255.63.28.63
771,Gene,Andreev,gandreevle@hubpages.com,Female,218.32.221.247
772,Delmor,Askie,daskielf@guardian.co.uk,Male,197.174.177.210
773,Rocky,Nisby,rnisbylg@slate.com,Male,79.220.100.36
774,Skell,Klazenga,sklazengalh@phoca.cz,Male,62.202.219.7
775,Marie,Cufley,mcufleyli@irs.gov,Female,246.149.141.233
776,Dunn,Scholtis,dscholtislj@reuters.com,Male,246.19.4.203
777,Haley,Rentz,hrentzlk@wp.com,Female,194.218.79.234
778,Merry,Jacobbe,mjacobbell@amazon.co.jp,Male,72.237.76.58
779,Kerwin,Sickling,ksicklinglm@ucoz.com,Male,212.229.63.134
780,Pamelina,Grangier,pgrangierln@instagram.com,Female,148.97.213.185
781,Marla,Paskerful,mpaskerfullo@tripadvisor.com,Female,236.206.38.119
782,Ingunna,Bridat,ibridatlp@google.com,Female,136.234.109.40
783,Miran,Conn,mconnlq@usda.gov,Female,94.172.124.255
784,Rey,Droogan,rdrooganlr@state.tx.us,Female,182.123.18.238
785,Jessey,Eakeley,jeakeleyls@sciencedirect.com,Male,147.157.1.153
786,Philis,Smallwood,psmallwoodlt@facebook.com,Female,33.156.251.218
787,Carly,Cerro,ccerrolu@1und1.de,Female,62.105.173.143
788,Desiri,Trappe,dtrappelv@bloomberg.com,Female,186.52.149.179
789,Venita,Learman,vlearmanlw@list-manage.com,Female,20.93.45.182
790,Anson,Firpi,afirpilx@sina.com.cn,Male,19.254.51.6
791,Vasily,Schenfisch,vschenfischly@vimeo.com,Male,124.209.43.119
792,Abey,Kelsow,akelsowlz@toplist.cz,Male,107.32.151.140
793,Cecil,Keyes,ckeyesm0@flavors.me,Male,107.188.64.49
794,Kendal,Dabney,kdabneym1@gnu.org,Male,95.235.178.227
795,Haydon,Vedekhin,hvedekhinm2@freewebs.com,Male,139.135.171.252
796,Sandor,Novotna,snovotnam3@wp.com,Male,179.172.148.81
797,Erminia,Nealon,enealonm4@sciencedirect.com,Female,56.223.154.142
798,Mil,Klugman,mklugmanm5@odnoklassniki.ru,Female,210.18.89.198
799,Thibaud,Rolin,trolinm6@seesaa.net,Male,213.7.180.44
800,Carree,Norvell,cnorvellm7@soup.io,Female,77.40.86.236
801,Neal,Spraggon,nspraggonm8@google.nl,Male,6.32.167.109
802,Kacie,Rainy,krainym9@wikispaces.com,Female,197.176.7.100
803,Mirna,Bysaker,mbysakerma@miitbeian.gov.cn,Female,108.254.22.122
804,Chase,Witter,cwittermb@sitemeter.com,Male,107.125.148.150
805,Lindi,Jura,ljuramc@ftc.gov,Female,76.35.47.72
806,Dayle,Hartington,dhartingtonmd@nps.gov,Female,231.129.173.11
807,Ranique,Chopin,rchopinme@yelp.com,Female,175.179.244.4
808,Gerda,Joisce,gjoiscemf@narod.ru,Female,117.251.255.52
809,Melamie,Tompkin,mtompkinmg@cocolog-nifty.com,Female,120.234.225.145
810,Thebault,Melin,tmelinmh@gizmodo.com,Male,152.155.182.137
811,Carol-jean,Summersett,csummersettmi@sun.com,Female,105.109.201.38
812,Averil,Abrahmovici,aabrahmovicimj@tiny.cc,Female,198.245.117.149
813,Dermot,Humpherston,dhumpherstonmk@soundcloud.com,Male,251.235.19.191
814,Rasla,Balhatchet,rbalhatchetml@cdc.gov,Female,44.85.84.211
815,Kareem,Hawkyens,khawkyensmm@diigo.com,Male,12.85.87.85
816,Jeff,Le Bosse,jlebossemn@uol.com.br,Male,113.223.104.93
817,Boniface,Tomaszynski,btomaszynskimo@house.gov,Male,0.216.16.91
818,Iago,Tootal,itootalmp@oaic.gov.au,Male,237.12.110.1
819,Madonna,Aireton,mairetonmq@sciencedaily.com,Female,177.144.72.150
820,Mallory,Greasty,mgreastymr@sciencedaily.com,Female,191.142.199.255
821,Elsa,Bozward,ebozwardms@storify.com,Female,159.59.128.66
822,Berri,Dodson,bdodsonmt@slashdot.org,Female,215.235.173.184
823,Toiboid,Radloff,tradloffmu@comcast.net,Male,29.75.246.150
824,Boot,Aiston,baistonmv@theglobeandmail.com,Male,231.20.113.179
825,Geoffrey,Martine,gmartinemw@is.gd,Male,201.46.250.214
826,Hube,Abendroth,habendrothmx@reference.com,Male,247.244.102.19
827,Jeffy,Colliar,jcolliarmy@php.net,Male,245.98.187.225
828,Inglis,Darrington,idarringtonmz@google.es,Male,212.18.2.99
829,Peri,Orknay,porknayn0@theglobeandmail.com,Female,55.68.65.43
830,Guilbert,Lipsett,glipsettn1@wp.com,Male,176.17.101.115
831,Marilyn,Gasking,mgaskingn2@hostgator.com,Female,205.93.108.121
832,Elvyn,Janeczek,ejaneczekn3@clickbank.net,Male,159.178.36.84
833,Shaine,Osmant,sosmantn4@nsw.gov.au,Male,34.213.240.234
834,Phineas,Fewings,pfewingsn5@nsw.gov.au,Male,189.167.221.188
835,Yoko,Gerraty,ygerratyn6@npr.org,Female,210.106.234.150
836,Berthe,Drynan,bdrynann7@issuu.com,Female,183.18.187.174
837,Bruno,Pelcheur,bpelcheurn8@yolasite.com,Male,32.10.178.147
838,Scot,Sexstone,ssexstonen9@webs.com,Male,22.164.228.180
839,Roxanne,Seely,rseelyna@economist.com,Female,201.188.178.154
840,Evered,Gobbet,egobbetnb@ca.gov,Male,158.18.70.161
841,Bendite,Bennis,bbennisnc@symantec.com,Female,195.192.90.70
842,Maressa,Mangeney,mmangeneynd@theguardian.com,Female,174.165.159.180
843,Lettie,Filtness,lfiltnessne@house.gov,Female,131.149.53.71
844,Alwyn,Toseland,atoselandnf@timesonline.co.uk,Male,63.140.119.28
845,Reider,Hursey,rhurseyng@un.org,Male,159.134.114.92
846,Ardella,Akester,aakesternh@tumblr.com,Female,33.96.249.68
847,Gilles,Habergham,ghaberghamni@eventbrite.com,Male,206.189.210.104
848,Kerwin,Spellworth,kspellworthnj@aboutads.info,Male,237.79.24.41
849,Smith,Creddon,screddonnk@topsy.com,Male,154.44.181.55
850,Art,Zanicchelli,azanicchellinl@answers.com,Male,156.73.187.141
851,Padget,Brunskill,pbrunskillnm@networkadvertising.org,Male,116.30.168.161
852,Cece,De Gregario,cdegregarionn@jiathis.com,Male,216.111.238.79
853,Karol,Rheaume,krheaumeno@prlog.org,Female,6.168.97.84
854,Lynsey,Worsell,lworsellnp@usnews.com,Female,165.0.6.144
855,Eleonora,Cantero,ecanteronq@mediafire.com,Female,146.253.209.63
856,Kalinda,Kornilyev,kkornilyevnr@nsw.gov.au,Female,25.250.199.119
857,Kirby,Lillford,klillfordns@va.gov,Male,238.32.34.242
858,Lorrayne,Dunrige,ldunrigent@cmu.edu,Female,9.226.173.102
859,Alec,Crother,acrothernu@e-recht24.de,Male,22.78.159.104
860,Chucho,Fomichkin,cfomichkinnv@mlb.com,Male,70.176.23.2
861,Chancey,Gajownik,cgajowniknw@craigslist.org,Male,232.234.169.57
862,Randi,Gratten,rgrattennx@yahoo.co.jp,Male,87.70.84.222
863,Gracia,Soans,gsoansny@chron.com,Female,109.193.214.231
864,Prentiss,Mauro,pmauronz@squidoo.com,Male,110.165.53.77
865,Marcellus,Ash,masho0@europa.eu,Male,95.244.74.98
866,Alano,Gorcke,agorckeo1@is.gd,Male,43.68.177.6
867,Wandie,Wellen,wwelleno2@marriott.com,Female,227.9.114.170
868,Leif,Tarpey,ltarpeyo3@dailymotion.com,Male,182.173.15.216
869,Laurie,Trevain,ltrevaino4@cnet.com,Female,225.147.41.96
870,Duke,Lethby,dlethbyo5@devhub.com,Male,190.4.206.184
871,Ross,Cornthwaite,rcornthwaiteo6@fastcompany.com,Male,118.195.110.35
872,Miguelita,Jeayes,mjeayeso7@latimes.com,Female,189.228.45.241
873,Thorsten,Grimsdell,tgrimsdello8@opera.com,Male,84.174.248.0
874,Peyton,Laidler,plaidlero9@oakley.com,Male,182.149.115.144
875,Arluene,Royl,aroyloa@nationalgeographic.com,Female,96.149.189.123
876,Casandra,Lowrey,clowreyob@google.co.jp,Female,66.38.242.254
877,Lisa,Durand,ldurandoc@comsenz.com,Female,3.150.160.131
878,Darci,Woodland,dwoodlandod@delicious.com,Female,160.131.8.78
879,Kial,Lidierth,klidierthoe@blog.com,Female,169.61.214.22
880,Giulio,Speke,gspekeof@blogger.com,Male,89.52.121.52
881,Jorrie,Mattheus,jmattheusog@baidu.com,Female,135.133.54.202
882,Lorita,Wales,lwalesoh@china.com.cn,Female,211.27.63.151
883,Sheri,Noller,snolleroi@rambler.ru,Female,121.87.173.36
884,Baryram,Celloni,bcellonioj@ox.ac.uk,Male,98.137.201.58
885,Tine,Chadderton,tchaddertonok@boston.com,Female,233.90.216.105
886,Kahlil,Jahnisch,kjahnischol@si.edu,Male,117.57.6.109
887,Aloysius,Pilgrim,apilgrimom@1688.com,Male,52.246.180.251
888,Trudi,Melhuish,tmelhuishon@mail.ru,Female,205.135.47.57
889,Emmalynne,Mohammad,emohammadoo@admin.ch,Female,196.5.33.50
890,Leese,Harridge,lharridgeop@reference.com,Female,218.138.213.218
891,Kahlil,Kleeborn,kkleebornoq@ebay.co.uk,Male,18.250.211.199
892,Kenna,Almey,kalmeyor@dailymail.co.uk,Female,121.124.125.177
893,Ruttger,Harly,rharlyos@mozilla.com,Male,161.157.197.32
894,Alidia,Wilding,awildingot@blogtalkradio.com,Female,162.31.253.203
895,Elvina,Snare,esnareou@mozilla.com,Female,200.32.109.115
896,Granger,Leehane,gleehaneov@51.la,Male,144.95.226.62
897,Adan,Blomfield,ablomfieldow@fema.gov,Female,254.118.15.135
898,Elene,Sent,esentox@feedburner.com,Female,20.178.164.144
899,Merell,Ruller,mrulleroy@squidoo.com,Male,126.114.148.189
900,Gerard,Ruseworth,gruseworthoz@sciencedirect.com,Male,115.103.247.188
901,Rebekah,Brandenburg,rbrandenburgp0@arstechnica.com,Female,84.219.126.92
902,Harbert,Maunton,hmauntonp1@odnoklassniki.ru,Male,216.14.156.171
903,Matty,Bumby,mbumbyp2@engadget.com,Male,6.61.131.54
904,Dari,Cromblehome,dcromblehomep3@admin.ch,Female,225.21.251.0
905,Finn,Sciusscietto,fsciussciettop4@wikispaces.com,Male,72.137.62.115
906,Stevena,Lathaye,slathayep5@livejournal.com,Female,203.233.245.119
907,Hall,Lowde,hlowdep6@cnet.com,Male,14.199.191.216
908,Shea,McCaighey,smccaigheyp7@youtu.be,Male,73.132.248.169
909,Joeann,Olle,jollep8@nps.gov,Female,143.161.101.34
910,Elfreda,Fathers,efathersp9@shutterfly.com,Female,31.25.137.87
911,Tracie,Terren,tterrenpa@huffingtonpost.com,Female,60.19.254.132
912,Rollie,Julyan,rjulyanpb@prweb.com,Male,214.192.6.135
913,Ezekiel,Andrewartha,eandrewarthapc@behance.net,Male,111.28.128.41
914,Katleen,Bendig,kbendigpd@tiny.cc,Female,227.52.231.61
915,Trevar,Coslitt,tcoslittpe@sun.com,Male,166.118.207.77
916,Udell,Gutridge,ugutridgepf@boston.com,Male,244.143.15.94
917,Cilka,Heighton,cheightonpg@google.co.jp,Female,173.129.183.39
918,Jasmin,Habishaw,jhabishawph@so-net.ne.jp,Female,161.100.40.174
919,Vasily,Belfit,vbelfitpi@marketwatch.com,Male,53.113.147.52
920,Kinny,Corneljes,kcorneljespj@homestead.com,Male,223.212.201.230
921,Sadye,Brellin,sbrellinpk@rakuten.co.jp,Female,244.182.167.101
922,Jennie,Curzon,jcurzonpl@networksolutions.com,Female,156.73.177.23
923,Sibel,Gooley,sgooleypm@state.tx.us,Female,211.233.209.221
924,Brittani,Basnett,bbasnettpn@addthis.com,Female,174.149.186.18
925,Frasquito,Chattington,fchattingtonpo@blogtalkradio.com,Male,101.123.56.165
926,Huntlee,Stillman,hstillmanpp@drupal.org,Male,126.208.68.36
927,Lucie,Matussov,lmatussovpq@ameblo.jp,Female,254.209.17.253
928,Sukey,Branigan,sbraniganpr@php.net,Female,115.241.164.11
929,Burt,Kubiak,bkubiakps@macromedia.com,Male,73.166.245.175
930,Merry,Macro,mmacropt@shareasale.com,Female,193.153.101.91
931,Chloris,Deek,cdeekpu@dell.com,Female,75.144.175.86
932,Nickie,Imison,nimisonpv@bbc.co.uk,Male,164.101.76.247
933,Dirk,Leber,dleberpw@odnoklassniki.ru,Male,170.141.113.247
934,Clayson,Amyes,camyespx@goo.gl,Male,98.201.254.216
935,Pia,Hearnah,phearnahpy@delicious.com,Female,229.85.199.249
936,Allie,Trebilcock,atrebilcockpz@about.me,Male,81.71.218.190
937,Agnes,Richemond,arichemondq0@time.com,Female,83.51.17.29
938,Nicki,De Clairmont,ndeclairmontq1@angelfire.com,Female,121.252.3.151
939,Berke,Penticost,bpenticostq2@simplemachines.org,Male,234.211.113.113
940,Budd,Goodanew,bgoodanewq3@deviantart.com,Male,99.64.120.158
941,Katha,Wroth,kwrothq4@uol.com.br,Female,133.44.253.124
942,Georgy,Clacey,gclaceyq5@gmpg.org,Male,46.126.218.78
943,Patti,Farlow,pfarlowq6@gmpg.org,Female,94.156.158.145
944,Sayres,Stocking,sstockingq7@1und1.de,Male,16.91.96.169
945,Harald,Ellor,hellorq8@cisco.com,Male,57.48.76.10
946,Caryn,Straun,cstraunq9@upenn.edu,Female,252.228.238.199
947,Royce,Mundee,rmundeeqa@a8.net,Male,90.109.120.178
948,Demetre,Yendle,dyendleqb@mayoclinic.com,Male,143.40.99.147
949,Kendrick,Hansmann,khansmannqc@bigcartel.com,Male,36.58.218.98
950,Carlynn,Jerche,cjercheqd@xinhuanet.com,Female,4.70.117.225
951,Jessy,Allsepp,jallseppqe@vinaora.com,Female,115.67.27.100
952,Neely,Valero,nvaleroqf@usatoday.com,Female,206.135.178.164
953,Roseline,Elcox,relcoxqg@1688.com,Female,121.203.232.229
954,Joeann,Lawleff,jlawleffqh@people.com.cn,Female,162.138.246.224
955,Aeriel,Pomeroy,apomeroyqi@privacy.gov.au,Female,59.170.102.176
956,Vinson,MacSwayde,vmacswaydeqj@dedecms.com,Male,21.159.25.219
957,Matthiew,Mapstone,mmapstoneqk@abc.net.au,Male,120.59.206.38
958,Guntar,Beauchamp,gbeauchampql@columbia.edu,Male,126.174.74.43
959,Barde,Alesio,balesioqm@webs.com,Male,54.55.214.29
960,Lonna,Truse,ltruseqn@123-reg.co.uk,Female,85.53.241.26
961,Leela,Ellaway,lellawayqo@youku.com,Female,197.254.55.14
962,Gerik,Hassard,ghassardqp@amazon.co.jp,Male,72.49.172.243
963,Mozes,Sedgebeer,msedgebeerqq@dell.com,Male,125.247.234.144
964,Justen,Jex,jjexqr@blinklist.com,Male,44.92.197.112
965,Ernestus,Haythorne,ehaythorneqs@reference.com,Male,138.138.194.132
966,Dewey,Vango,dvangoqt@google.nl,Male,218.192.173.49
967,Nannette,Franzetti,nfranzettiqu@ebay.co.uk,Female,75.58.159.121
968,Kelila,Beales,kbealesqv@google.ru,Female,130.176.59.12
969,Salomi,Blaney,sblaneyqw@mozilla.org,Female,130.6.189.141
970,Ring,Dennerly,rdennerlyqx@last.fm,Male,89.208.148.197
971,Magdalen,Rentoul,mrentoulqy@nifty.com,Female,70.47.177.39
972,Leonhard,Coole,lcooleqz@ning.com,Male,68.51.97.202
973,Neala,Habbal,nhabbalr0@skyrock.com,Female,233.190.99.144
974,Jodee,Blas,jblasr1@hao123.com,Female,119.240.148.93
975,Crin,Gasticke,cgasticker2@nationalgeographic.com,Female,49.169.162.176
976,Rouvin,Shepton,rsheptonr3@myspace.com,Male,126.202.224.150
977,Gertrud,Ebbs,gebbsr4@123-reg.co.uk,Female,248.64.107.199
978,Lowell,Snooks,lsnooksr5@cocolog-nifty.com,Male,128.58.252.214
979,Walsh,Quilliam,wquilliamr6@taobao.com,Male,12.205.127.255
980,Samuele,Boyde,sboyder7@360.cn,Male,148.251.224.90
981,Biddy,Becket,bbecketr8@vk.com,Female,182.113.51.248
982,Cleve,Wapol,cwapolr9@live.com,Male,6.119.190.187
983,Brucie,Kirtland,bkirtlandra@dyndns.org,Male,124.132.171.148
984,Nollie,Yegorshin,nyegorshinrb@howstuffworks.com,Female,214.243.161.165
985,Scarlett,Hickin,shickinrc@surveymonkey.com,Female,229.152.218.128
986,Klarika,Ternent,kternentrd@wordpress.com,Female,125.212.45.16
987,Rube,Cristofol,rcristofolre@wordpress.org,Male,11.193.94.149
988,Celie,Pollett,cpollettrf@desdev.cn,Female,188.11.239.131
989,Winfield,Eustace,weustacerg@independent.co.uk,Male,7.163.246.132
990,Wolf,Whatley,wwhatleyrh@ovh.net,Male,183.139.158.187
991,Leora,Corbitt,lcorbittri@miitbeian.gov.cn,Female,70.86.59.233
992,Dolly,Wolledge,dwolledgerj@sogou.com,Female,147.66.195.106
993,Kameko,Hugin,khuginrk@indiegogo.com,Female,207.121.164.22
994,Terza,Pfeffle,tpfefflerl@imageshack.us,Female,197.193.79.151
995,Gayler,Jorn,gjornrm@skyrock.com,Male,47.72.36.42
996,Kimberlee,Gillopp,kgillopprn@ovh.net,Female,222.50.205.228
997,Adelina,Ostler,aostlerro@pcworld.com,Female,15.144.251.184
998,Della,Ellis,dellisrp@vistaprint.com,Female,241.113.76.184
999,Nilson,Addeycott,naddeycottrq@geocities.jp,Male,192.214.35.101
1000,Keenan,Szachniewicz,kszachniewiczrr@yandex.ru,Male,96.252.60.160
